Rk,Player,Age,Pos,GP,G,A,PTS,+/-,PIM,S,TOI,BLK,HIT
1,Nikita Kucherov\kucheni01,25,RW,82,41,87,128,24,62,246,1637,31,44
2,Connor McDavid\mcdavco01,22,C,78,41,75,116,3,20,240,1781,30,39
3,Patrick Kane\kanepa01,30,RW,81,44,66,110,2,22,341,1822,18,21
4,Leon Draisaitl\draisle01,23,C,82,50,55,105,2,52,231,1852,26,57
5,Sidney Crosby\crosbsi01,31,C,79,35,65,100,18,36,220,1658,43,85
6,Brad Marchand\marchbr03,30,LW,79,36,64,100,15,96,231,1550,19,46
7,Johnny Gaudreau\gaudrjo01,25,LW,82,36,63,99,18,24,245,1646,12,12
8,Nathan MacKinnon\mackina01,23,C,82,41,58,99,20,34,365,1812,31,54
9,Steven Stamkos\stamkst01,28,C,82,45,53,98,4,37,234,1501,40,72
10,Aleksander Barkov\barkoal01,23,C,82,35,61,96,-3,8,206,1833,61,28
11,Mitch Marner\marnemi01,21,RW,82,26,68,94,22,22,233,1625,43,29
12,Jonathan Huberdeau\huberjo01,25,C,82,30,62,92,-14,40,226,1546,45,57
13,Brayden Point\pointbr01,22,C,79,41,51,92,27,28,191,1495,43,31
14,Blake Wheeler\wheelbl01,32,RW,82,20,71,91,0,60,231,1698,53,81
15,Alex Ovechkin\ovechal01,33,LW,81,51,38,89,7,40,338,1695,41,223
16,John Tavares\tavarjo01,28,C,82,47,41,88,19,34,286,1565,53,59
17,Artemi Panarin\panarar01,27,LW,79,28,59,87,14,23,191,1569,17,14
18,Mikko Rantanen\rantami01,22,RW,74,31,56,87,13,54,193,1542,41,59
19,Claude Giroux\giroucl01,31,C,82,22,63,85,9,24,229,1759,19,28
20,Mark Scheifele\scheima01,25,C,82,38,46,84,8,38,199,1793,54,54
21,Sebastian Aho\ahose01,21,C,82,30,53,83,25,26,243,1652,34,65
22,Brent Burns\burnsbr01,33,D,82,16,67,83,13,34,300,2058,105,90
23,Jack Eichel\eicheja01,22,C,77,28,54,82,-11,26,303,1574,51,70
24,Phil Kessel\kesseph01,31,RW,82,27,55,82,-19,28,215,1474,18,12
25,Sean Monahan\monahse01,24,C,78,34,48,82,7,12,211,1486,24,36
26,David Pastrnak\pastrda01,22,RW,66,38,43,81,6,32,235,1238,25,57
27,Jonathan Toews\toewsjo01,30,C,82,35,46,81,2,40,235,1723,44,42
28,Tyler Seguin\seguity01,27,C,82,33,47,80,17,18,334,1701,47,74
29,Patrice Bergeron\bergepa01,33,C,65,32,47,79,23,30,205,1200,60,43
30,Elias Lindholm\lindhel01,24,C,81,27,51,78,30,20,182,1623,39,82
31,Ryan O'Reilly\oreilry01,27,C,82,28,49,77,22,12,234,1702,36,31
32,Matthew Tkachuk\tkachma01,21,LW,80,34,43,77,14,62,207,1408,13,104
33,Sean Couturier\coutuse01,26,C,80,33,43,76,2,34,223,1770,60,40
34,Alex DeBrincat\debrial01,21,RW,82,41,35,76,0,15,220,1451,26,35
35,Jake Guentzel\guentja01,24,C,82,40,36,76,13,26,227,1587,47,105
36,Teuvo Teravainen\teravte01,24,LW,82,21,55,76,30,12,167,1469,23,35
37,Gabriel Landeskog\landega01,26,LW,73,34,41,75,17,51,243,1544,64,120
38,Nicklas Backstrom\backsni02,31,C,80,22,52,74,2,30,169,1596,30,54
39,Mark Giordano\giordma01,35,D,78,17,57,74,39,69,221,1891,144,58
40,Tomas Hertl\hertlto01,25,C,77,35,39,74,5,18,176,1465,64,53
41,Mika Zibanejad\zibanmi01,25,C,82,30,44,74,-12,47,236,1686,66,134
42,David Krejci\krejcda01,32,C,81,20,53,73,7,16,139,1432,24,28
43,Dylan Larkin\larkidy01,22,C,76,32,41,73,-6,75,287,1660,38,80
44,Auston Matthews\matthau01,21,C,68,37,36,73,-9,12,251,1262,60,28
45,Mark Stone\stonema01,26,RW,77,33,40,73,17,27,199,1531,71,72
46,Max Domi\domima01,23,LW,82,28,44,72,20,80,203,1425,39,53
47,Evgeny Kuznetsov\kuzneev01,26,C,76,21,51,72,7,50,193,1428,20,46
48,Evgeni Malkin\malkiev01,32,C,68,21,51,72,-25,89,187,1279,33,54
49,Alexander Radulov\radulal01,32,RW,70,29,43,72,22,54,209,1385,83,60
50,Morgan Rielly\riellmo01,24,D,82,20,52,72,24,14,223,1896,114,61
51,John Carlson\carlsjo01,29,D,80,13,57,70,21,34,185,2005,164,54
52,Logan Couture\coutulo01,29,C,81,27,43,70,-6,22,204,1506,52,65
53,Evgenii Dadonov\dadonev01,29,RW,82,28,42,70,-6,8,195,1506,42,33
54,Matt Duchene\duchema01,28,C,73,31,39,70,-3,8,172,1375,40,28
55,Mike Hoffman\hoffmmi02,29,C,82,36,34,70,-24,30,253,1463,26,42
56,Cam Atkinson\atkinca01,29,RW,80,41,28,69,3,20,295,1550,25,27
57,Ryan Nugent-Hopkins\nugenry01,25,C,82,28,41,69,-13,26,208,1648,40,69
58,Vladimir Tarasenko\tarasvl01,27,RW,76,33,35,68,8,22,275,1398,40,88
59,Kyle Connor\connoky01,22,LW,82,34,32,66,-7,18,227,1579,21,9
60,Timo Meier\meierti01,22,RW,78,30,36,66,9,55,250,1324,40,99
61,Elias Pettersson\petteel01,20,C,71,28,38,66,3,12,144,1294,51,42
62,Jakub Voracek\voracja01,29,RW,78,20,46,66,-16,25,210,1456,29,17
63,Sam Reinhart\reinhsa01,23,C,82,22,43,65,-10,16,180,1555,47,38
64,Ryan Johansen\johanry01,26,C,80,14,50,64,7,42,136,1564,23,95
65,Joe Pavelski\paveljo01,34,C,75,38,26,64,-4,22,188,1428,61,69
66,Jeff Skinner\skinnje01,26,C,82,40,23,63,0,36,268,1518,24,31
67,Mathew Barzal\barzama01,21,C,82,18,44,62,-5,46,179,1470,56,25
68,Keith Yandle\yandlke01,32,D,82,9,53,62,-17,50,199,1840,76,47
69,Pierre-Luc Dubois\duboipi01,20,LW,82,27,34,61,16,64,174,1453,52,115
70,Bo Horvat\horvabo01,23,C,82,27,34,61,-4,33,227,1709,63,62
71,Zach Parise\parisza01,34,LW,74,28,33,61,-2,26,229,1381,71,49
72,Erik Gustafsson\gustaer02,26,D,79,17,43,60,-6,34,160,1784,115,100
73,Anze Kopitar\kopitan01,31,C,81,22,38,60,-20,30,156,1807,66,59
74,Gustav Nyquist\nyquigu01,29,RW,81,22,38,60,1,12,204,1419,23,36
75,Tyson Barrie\barrity01,27,D,78,14,45,59,-3,36,218,1699,93,48
76,Jonathan Marchessault\audymjo01,28,C,82,25,34,59,2,52,278,1488,22,98
77,Tomas Tatar\tatarto01,28,C,80,25,33,58,21,34,195,1313,30,77
78,Dylan Strome\stromdy01,21,C,78,20,37,57,-8,20,145,1260,46,13
79,Josh Bailey\bailejo01,29,C,82,16,40,56,8,21,126,1380,32,19
80,Brock Boeser\boesebr01,21,RW,69,26,30,56,-2,22,209,1322,22,14
81,Ryan Dzingel\dzingry01,26,C,78,26,30,56,-9,29,159,1312,38,54
82,Roman Josi\josiro01,28,D,82,15,41,56,9,42,274,2064,144,53
83,Evander Kane\kaneev01,27,LW,75,30,26,56,-4,153,268,1381,25,173
84,William Karlsson\karlswi01,26,C,82,24,32,56,1,16,169,1545,55,51
85,Kevin Labanc\labanke01,23,RW,82,17,39,56,-1,36,130,1150,16,66
86,Kris Letang\letankr01,31,D,65,16,40,56,13,48,206,1687,111,116
87,Thomas Chabot\chaboth01,22,D,70,14,41,55,-12,32,185,1700,112,71
88,Kevin Hayes\hayeske01,26,RW,71,19,36,55,-2,12,156,1298,15,58
89,Andreas Athanasiou\athanan01,24,C,76,30,24,54,-9,38,216,1290,26,33
90,Mikael Granlund\granlmi01,26,C,79,16,38,54,-8,24,189,1449,40,46
91,Victor Hedman\hedmavi01,28,D,70,12,42,54,24,44,182,1594,97,59
92,T.J. Oshie\oshietj01,32,C,69,25,29,54,5,36,143,1284,55,133
93,Brayden Schenn\schenbr01,27,C,72,17,37,54,3,40,159,1338,31,111
94,Jamie Benn\bennja01,29,LW,78,27,26,53,14,56,189,1422,71,142
95,Phillip Danault\danauph01,25,LW,81,12,41,53,17,39,132,1440,60,95
96,Jonathan Drouin\drouijo01,23,LW,81,18,35,53,-8,26,190,1371,23,55
97,Torey Krug\krugto01,27,D,64,6,47,53,-2,33,151,1363,60,53
98,Brock Nelson\nelsobr01,27,C,82,25,28,53,20,28,181,1474,55,51
99,Nino Niederreiter\niedeni01,26,RW,82,23,30,53,-4,30,184,1330,20,94
100,Reilly Smith\smithre01,27,RW,74,19,34,53,13,14,178,1352,33,39
101,Justin Williams\williju01,37,RW,82,23,30,53,-4,44,237,1430,32,55
102,Brendan Gallagher\gallabr01,26,RW,82,33,19,52,10,49,302,1345,31,126
103,Chris Kreider\kreidch01,27,C,79,28,24,52,4,57,201,1375,49,159
104,Eric Staal\staaler01,34,C,81,22,30,52,-7,34,215,1468,28,41
105,Alex Tuch\tuchal01,22,RW,74,20,32,52,13,8,180,1238,40,92
106,Dustin Brown\browndu01,34,RW,72,22,29,51,-17,24,180,1469,29,150
107,Anders Lee\leean01,28,C,82,28,23,51,20,58,204,1401,51,103
108,Joe Thornton\thornjo01,39,C,73,16,35,51,8,20,90,1135,14,17
109,Filip Forsberg\forsbfi01,24,C,64,28,22,50,8,26,217,1191,29,100
110,Patrik Laine\lainepa01,20,RW,82,30,20,50,-24,42,245,1413,44,70
111,Kyle Palmieri\palmiky01,27,RW,74,27,23,50,-9,42,224,1343,35,98
112,Jacob Trouba\troubja01,24,D,82,8,42,50,8,58,162,1876,171,112
113,Travis Konecny\konectr01,21,C,82,24,25,49,-4,40,182,1251,45,65
114,Carl Soderberg\soderca01,33,C,82,23,26,49,-5,26,188,1431,67,99
115,Viktor Arvidsson\arvidvi01,25,LW,58,34,14,48,12,26,195,1110,23,18
116,Ryan Getzlaf\getzlry01,33,C,67,14,34,48,-19,58,133,1304,74,150
117,Yanni Gourde\gourdya01,27,C,80,22,26,48,9,66,130,1267,30,83
118,Anthony Mantha\manthan01,24,RW,67,25,23,48,-8,30,198,1194,23,67
119,Chris Tierney\tiernch01,24,C,81,9,39,48,-22,26,116,1379,54,30
120,James van Riemsdyk\vanrija01,29,LW,66,27,21,48,-10,18,167,1096,16,34
121,Josh Anderson\anderjo05,24,RW,82,27,20,47,25,60,230,1396,40,214
122,Mikael Backlund\backlmi01,29,C,77,21,26,47,34,52,205,1378,26,52
123,Tyler Bertuzzi\bertuty01,23,LW,73,21,26,47,11,36,131,1206,39,76
124,Nico Hischier\hischni01,20,C,69,17,30,47,0,24,160,1249,44,53
125,Tyler Johnson\johnsty01,28,C,80,29,18,47,15,28,163,1276,32,50
126,Clayton Keller\kellecl01,20,C,82,14,33,47,-21,24,200,1495,21,16
127,J.T. Miller\millejt01,25,C,75,13,34,47,8,30,108,1100,23,115
128,Brandon Saad\saadbr01,26,LW,80,23,24,47,-9,12,195,1415,25,52
129,Andrew Shaw\shawan01,27,C,63,19,28,47,17,71,135,1003,36,128
130,Ryan Suter\suterry01,34,D,82,7,40,47,-8,41,136,2189,109,78
131,Jakub Vrana\vranaja01,22,LW,82,24,23,47,20,27,161,1151,32,47
132,Brett Connolly\connobr01,26,RW,81,22,24,46,13,24,139,1080,25,53
133,Seth Jones\jonesse01,24,D,75,9,37,46,1,28,184,1937,133,106
134,Ryan McDonagh\mcdonry01,29,D,82,9,37,46,38,34,128,1811,161,98
135,David Perron\perroda01,30,LW,57,23,23,46,3,46,112,974,13,52
136,Jeff Petry\petryje01,31,D,82,13,33,46,-5,28,172,1896,123,190
137,Travis Zajac\zajactr01,33,C,80,19,27,46,-25,20,120,1542,38,66
138,Drew Doughty\doughdr01,29,D,82,8,37,45,-34,44,154,2181,120,168
139,Erik Karlsson\karlser01,28,D,53,3,42,45,6,22,169,1298,69,44
140,John Klingberg\klingjo01,26,D,64,10,35,45,6,12,153,1570,77,42
141,Brady Tkachuk\tkachbr01,19,LW,71,22,23,45,-10,75,214,1138,26,174
142,Rasmus Dahlin\dahlira01,18,D,82,9,35,44,-13,34,177,1735,66,97
143,Mattias Ekholm\ekholma01,28,D,80,8,36,44,27,47,146,1869,107,68
144,Oliver Ekman-Larsson\ekmanol01,27,D,81,14,30,44,-16,52,176,1915,52,162
145,Nazem Kadri\kadrina01,28,C,73,16,28,44,-2,43,184,1182,13,85
146,Kasperi Kapanen\kapanka01,22,RW,78,20,24,44,12,27,174,1296,19,92
147,Zach Werenski\werenza01,21,D,82,11,33,44,-12,18,168,1878,89,67
148,Andreas Johnsson\johnsan01,24,LW,73,20,23,43,14,32,130,998,36,60
149,Rickard Rakell\rakelri01,25,RW,69,18,25,43,-13,27,194,1275,38,82
150,Rasmus Ristolainen\ristora01,24,D,78,5,38,43,-41,38,182,1922,121,235
151,Jakob Silfverberg\silfvja01,28,LW,73,24,19,43,-9,28,163,1248,43,38
152,Jared Spurgeon\spurgja01,29,D,82,14,29,43,-1,20,152,1980,145,91
153,Jake Debrusk\debruja01,22,LW,68,27,15,42,2,18,156,1099,24,45
154,Adam Henrique\henriad01,28,C,82,18,24,42,-5,24,122,1349,71,78
155,Alexander Kerfoot\kerfoal01,24,C,78,15,27,42,-9,38,116,1161,29,22
156,Bobby Ryan\ryanbo01,31,LW,78,15,27,42,-29,35,160,1223,49,77
157,Paul Stastny\stastpa01,33,C,50,13,29,42,14,30,103,905,15,35
158,Jason Zucker\zuckeja01,27,LW,81,21,21,42,-9,28,214,1383,38,87
159,Cody Eakin\eakinco01,27,C,78,22,19,41,19,16,120,1200,35,88
160,Ryan Ellis\ellisry01,28,D,82,7,34,41,21,20,149,1969,154,71
161,Alex Galchenyuk\galchal01,24,C,72,19,22,41,-19,34,159,1133,34,62
162,Zach Hyman\hymanza01,26,C,71,21,20,41,16,65,144,1227,39,102
163,Bryan Little\littlbr01,31,RW,82,15,26,41,-12,26,126,1298,29,62
164,Darnell Nurse\nurseda01,23,D,82,10,31,41,-5,87,196,1953,146,162
165,Alex Pietrangelo\pietral01,29,D,71,13,28,41,2,22,168,1709,139,62
166,Colin White\whiteco02,22,C,71,14,27,41,-24,24,123,1150,35,23
167,Micheal Ferland\ferlami01,26,LW,71,17,23,40,13,58,156,1001,19,182
168,Duncan Keith\keithdu01,35,D,82,6,34,40,13,70,141,1887,144,42
169,Alex Killorn\killoal01,29,C,82,18,22,40,22,45,153,1220,23,88
170,Max Pacioretty\pacioma01,30,LW,66,22,18,40,-13,36,191,1122,20,119
171,Tom Wilson\wilsoto01,24,RW,63,22,18,40,11,128,130,1143,52,200
172,Mats Zuccarello\zuccama01,31,LW,48,12,28,40,-8,24,104,953,43,57
173,Anthony Cirelli\cirelan01,21,C,82,19,20,39,25,34,123,1217,49,94
174,Kevin Fiala\fialake01,22,LW,83,13,26,39,-23,36,174,1298,20,42
175,Dougie Hamilton\hamildo01,25,D,82,18,21,39,0,54,259,1613,91,160
176,Vinnie Hinostroza\hinosvi01,24,C,72,16,23,39,-4,14,152,1099,41,69
177,Damon Severson\severda01,24,D,82,11,28,39,-27,58,146,1808,87,83
178,Frank Vatrano\vatrafr01,24,LW,81,24,15,39,-10,38,208,1188,74,139
179,Tyler Bozak\bozakty01,32,C,72,13,25,38,-3,20,141,1177,33,52
180,Pavel Buchnevich\buchnpa01,23,LW,64,21,17,38,-10,13,119,971,20,60
181,Alex Chiasson\chiasal01,28,RW,73,22,16,38,-1,32,123,1239,31,85
182,Boone Jenner\jennebo01,25,C,77,16,22,38,6,42,170,1314,70,158
183,Derek Ryan\ryande01,32,C,81,13,25,38,21,24,103,1118,19,19
184,Craig Smith\smithcr01,29,C,76,21,17,38,11,20,205,1150,33,77
185,Artem Anisimov\anisiar01,30,C,78,15,22,37,-2,14,142,1275,33,25
186,Joonas Donskoi\donskjo01,26,RW,80,14,23,37,10,10,115,1074,36,36
187,Jordan Eberle\eberljo01,28,RW,78,19,18,37,-6,17,160,1289,35,36
188,Nikolaj Ehlers\ehlerni01,22,LW,62,21,16,37,2,15,158,977,16,27
189,Aaron Ekblad\ekblaaa01,22,D,82,13,24,37,1,47,180,1939,88,114
190,Shayne Gostisbehere\gostish01,25,D,78,9,28,37,-20,22,180,1533,102,46
191,Taylor Hall\hallta02,27,LW,33,11,26,37,-6,16,113,650,29,22
192,Patric Hornqvist\hornqpa01,32,RW,69,18,19,37,-3,26,197,1068,34,150
193,Dominik Kahun\kahundo01,23,C,82,13,24,37,10,6,137,1160,27,13
194,Patrick Marleau\marlepa01,39,C,82,16,21,37,-6,28,161,1340,41,74
195,Jake Muzzin\muzzija01,29,D,80,9,28,37,21,47,141,1707,134,172
196,Ryan Pulock\pulocry01,24,D,82,9,28,37,21,22,180,1834,148,143
197,Andrei Svechnikov\svechan01,18,RW,82,20,17,37,0,62,189,1201,26,123
198,Shea Theodore\theodsh01,23,D,79,12,25,37,-4,20,202,1588,91,27
199,Oliver Bjorkstrand\bjorkol01,23,RW,77,23,13,36,8,8,161,950,34,43
200,Blake Coleman\colembl01,27,C,78,22,14,36,-19,71,213,1327,44,225
201,Lars Eller\ellerla01,29,C,81,13,23,36,-1,37,163,1339,47,69
202,Jaden Schwartz\schwaja01,26,C,69,11,25,36,-6,16,183,1251,27,61
203,Thomas Vanek\vanekth01,35,LW,64,16,20,36,-12,26,108,903,13,38
204,Mikkel Boedker\boedkmi01,29,RW,71,7,28,35,-23,6,88,996,28,54
205,Nick Bonino\boninni01,30,C,81,17,18,35,27,18,118,1321,70,24
206,Vince Dunn\dunnvi02,22,D,78,12,23,35,14,45,150,1368,68,48
207,Justin Faulk\faulkju01,26,D,82,11,24,35,9,47,217,1839,121,156
208,Nick Foligno\foligni01,31,LW,73,17,18,35,12,44,141,1292,51,175
209,Jared McCann\mccanja01,22,C,78,19,16,35,-1,31,150,1133,51,77
210,Brandon Montour\montobr01,24,D,82,8,27,35,-20,56,181,1841,121,99
211,Frans Nielsen\nielsfr01,34,C,72,10,25,35,-7,14,120,1201,44,79
212,Bryan Rust\rustbr01,26,RW,72,18,17,35,10,24,141,1145,59,119
213,Travis Sanheim\sanhetr01,22,D,82,9,26,35,-4,22,121,1604,133,45
214,Derek Stepan\stepade01,28,C,72,15,20,35,-2,14,195,1384,51,50
215,Ryan Strome\stromry01,25,C,81,19,16,35,-3,64,110,1261,36,76
216,Jimmy Vesey\veseyji02,25,LW,81,17,18,35,-6,21,154,1301,34,79
217,T.J. Brodie\broditj01,28,D,79,9,25,34,29,24,102,1696,86,21
218,Charlie Coyle\coylech01,26,C,81,12,22,34,-1,20,155,1359,56,77
219,Alexander Edler\edleral01,32,D,56,10,24,34,3,54,128,1376,166,127
220,Michael Frolik\frolimi01,30,LW,65,16,18,34,24,26,132,868,22,57
221,Danton Heinen\heineda01,23,C,77,11,23,34,13,16,114,1076,36,54
222,Jesperi Kotkaniemi\kotkaje01,18,C,79,11,23,34,1,26,134,1086,41,66
223,Ilya Kovalchuk\kovalil01,35,LW,64,16,18,34,-26,10,141,1039,19,28
224,Ondrej Palat\palaton01,27,LW,64,8,26,34,4,20,100,953,34,104
225,Conor Sheary\shearco01,26,LW,78,14,20,34,-18,12,147,1140,29,29
226,Tyler Toffoli\toffoty01,26,C,82,13,21,34,-16,23,226,1411,23,39
227,Vincent Trocheck\trochvi01,25,C,55,10,24,34,-9,54,158,1081,42,112
228,Jesper Bratt\brattje01,20,W,51,8,25,33,-8,6,91,774,22,36
229,Jeff Carter\carteje01,34,C,76,13,20,33,-20,42,174,1380,30,80
230,Casey Cizikas\cizikca01,27,C,73,20,13,33,22,36,111,1024,68,129
231,Anthony Duclair\duclaan01,23,LW,74,19,14,33,-2,14,132,940,33,32
232,Noah Hanifin\hanifno01,22,D,80,5,28,33,18,12,116,1662,83,87
233,Miro Heiskanen\heiskmi01,19,D,82,12,21,33,-14,16,182,1895,71,34
234,Alex Iafallo\iafalal01,25,C,82,15,18,33,-17,22,148,1380,54,87
235,Oskar Lindblom\lindbos01,22,LW,81,17,16,33,-9,20,162,1113,52,68
236,Richard Panik\panikri01,27,RW,75,14,19,33,-3,44,140,1246,52,137
237,Robert Thomas\thomaro01,19,C,70,9,24,33,-2,14,80,915,22,13
238,Shea Weber\webersh01,33,D,58,14,19,33,15,28,166,1362,110,129
239,J.T. Compher\comphj.01,23,LW,66,16,16,32,-8,31,118,1153,59,33
240,Mark Jankowski\jankoma01,24,C,79,14,18,32,6,12,99,1004,56,30
241,Scott Laughton\laughsc01,24,C,82,12,20,32,-11,53,130,1218,46,146
242,Esa Lindell\lindees01,24,D,82,11,21,32,14,33,132,1995,161,143
243,Mikhail Sergachev\sergami01,20,D,75,6,26,32,12,28,128,1344,93,97
244,Dustin Byfuglien\byfugdu01,33,D,42,4,27,31,4,69,115,1023,51,77
245,Paul Byron\byronpa01,29,C,56,15,16,31,16,17,94,816,36,114
246,Valtteri Filppula\filppva01,34,C,72,17,14,31,19,16,78,1028,34,12
247,Artturi Lehkonen\lehkoar01,23,LW,82,11,20,31,10,32,176,1276,39,120
248,Josh Morrissey\morrijo04,23,D,59,6,25,31,9,14,95,1322,107,55
249,Tyler Myers\myersty01,28,D,80,9,22,31,11,63,156,1628,99,97
250,Vladislav Namestnikov\namesvl01,26,C,78,11,20,31,-7,44,119,1232,62,140
251,Nolan Patrick\patrino01,20,C,72,13,18,31,-8,27,115,1086,26,72
252,Jason Pominville\pominja01,36,RW,73,16,15,31,-4,4,134,910,20,18
253,Nick Ritchie\ritchni01,23,LW,60,9,22,31,6,82,96,900,31,123
254,Antoine Roussel\roussan01,29,LW,65,9,22,31,5,118,84,894,50,87
255,Jaccob Slavin\slavija01,24,D,82,8,23,31,0,18,146,1889,133,70
256,P.K. Subban\subbapk01,29,D,63,9,22,31,5,60,168,1428,75,56
257,Oskar Sundqvist\sundqos01,24,C,74,14,17,31,-1,22,113,1023,31,101
258,Will Butcher\butchwi01,24,D,78,4,26,30,-17,18,108,1503,74,38
259,Anthony DeAngelo\deangan01,23,D,61,4,26,30,6,77,111,1179,82,54
260,Radek Faksa\faksara01,25,C,81,15,15,30,-3,54,114,1331,65,103
261,Jake Gardiner\gardija01,28,D,62,3,27,30,19,26,78,1315,64,61
262,Marcus Johansson\johanma03,28,C,58,13,17,30,-16,8,115,924,24,28
263,Mathieu Perreault\perrema01,31,C,82,15,15,30,-1,44,95,1003,25,127
264,Nate Schmidt\schmina01,27,D,61,9,21,30,22,8,112,1339,100,37
265,Wayne Simmonds\simmowa01,30,RW,79,17,13,30,-16,99,157,1238,28,137
266,Colton Sissons\sissoco01,25,C,75,15,15,30,20,23,110,1203,52,109
267,Marcus Sorensen\sorenma01,26,RW,80,17,13,30,10,23,100,1037,29,88
268,Connor Brown\brownco02,25,RW,82,8,21,29,11,16,85,1131,37,35
269,Loui Eriksson\erikslo01,33,LW,81,11,18,29,-11,22,107,1139,28,3
270,Mikko Koivu\koivumi01,35,C,48,8,21,29,-2,22,89,878,32,13
271,Colin Miller\milleco02,26,D,65,3,26,29,0,44,131,1277,64,122
272,Ryan Murray\murrary01,25,D,56,1,28,29,20,10,71,1201,93,27
273,Kyle Okposo\okposky01,30,RW,78,14,15,29,-9,41,147,1075,27,87
274,Dmitry Orlov\orlovdm01,27,D,82,3,26,29,3,33,101,1774,103,137
275,Brett Pesce\pescebr01,24,D,73,7,22,29,35,24,98,1496,131,53
276,Evan Rodrigues\rodriev01,25,C,74,9,20,29,-7,25,168,1171,33,33
277,Devin Shore\shorede01,24,C,76,10,19,29,-12,13,82,1084,64,94
278,Brandon Tanev\tanevbr01,27,LW,80,14,15,29,9,41,127,1129,81,278
279,Anthony Beauvillier\beauvan01,21,LW,81,18,10,28,1,8,156,1186,35,87
280,Adrian Kempe\kempead01,22,LW,81,12,16,28,-10,50,118,1175,21,86
281,Oscar Klefbom\klefbos01,25,D,61,5,23,28,-11,16,167,1463,102,44
282,Hampus Lindholm\lindhha01,25,D,76,6,22,28,-5,44,125,1824,133,81
283,Pat Maroon\maroopa01,30,LW,74,10,18,28,-3,64,118,1049,7,135
284,Charlie McAvoy\mcavoch01,21,D,54,7,21,28,14,45,79,1197,91,92
285,Colton Parayko\parayco01,25,D,80,10,18,28,20,15,176,1823,157,127
286,Brent Seabrook\seabrbr01,33,D,78,5,23,28,-6,41,165,1490,180,124
287,Kevin Shattenkirk\shattke01,30,D,73,2,26,28,-15,20,148,1383,104,73
288,Dominik Simon\simondo01,24,C,71,8,20,28,8,18,121,946,19,89
289,Zack Smith\smithza01,30,C,70,9,19,28,-6,81,101,1145,27,136
290,Jordan Staal\staaljo01,30,C,50,11,17,28,6,26,121,914,18,122
291,Lucas Wallmark\wallmlu01,23,C,81,10,18,28,-8,36,131,1198,39,82
292,Sam Bennett\bennesa01,22,C,71,13,14,27,-6,93,115,944,27,121
293,Nick Cousins\cousini01,25,C,81,7,20,27,-8,35,144,1097,51,115
294,Samuel Girard\girarsa01,20,D,82,4,23,27,8,6,116,1631,90,65
295,Nikolay Goldobin\goldoni01,23,LW,63,7,20,27,-10,18,105,944,21,15
296,Alex Goligoski\goligal01,33,D,76,3,24,27,-7,16,102,1582,154,79
297,Niklas Kronwall\kronwni01,38,D,79,3,24,27,-5,40,71,1576,96,84
298,Mike Matheson\mathemi01,24,D,75,8,19,27,-24,44,129,1674,132,63
299,William Nylander\nylanwi01,22,C,54,7,20,27,-4,16,130,838,14,16
300,Tanner Pearson\pearsta01,26,LW,80,18,9,27,-15,25,147,1124,41,128
301,Brad Richardson\richabr02,33,C,66,19,8,27,6,22,128,1054,55,63
302,Jason Spezza\spezzja01,35,C,76,8,19,27,-13,29,121,1009,30,16
303,Alex Steen\steenal01,34,C,65,10,17,27,2,14,114,1030,50,55
304,Colin Wilson\wilsoco01,29,C,65,12,15,27,-6,8,104,882,31,55
305,Ivan Barbashev\barbaiv01,23,C,80,14,12,26,-4,17,60,921,31,86
306,Nick Bjugstad\bjugsni01,26,C,64,14,12,26,6,30,154,968,27,126
307,Matt Calvert\calvema01,29,LW,82,11,15,26,-10,58,141,1164,51,115
308,Cody Ceci\cecico01,25,D,74,7,19,26,-22,18,132,1670,142,120
309,Mike Green\greenmi03,33,D,43,5,21,26,-1,28,92,932,56,60
310,Ryan Hartman\hartmry01,24,RW,83,12,14,26,1,74,145,1089,39,107
311,Calle Jarnkrok\jarnkca01,27,C,79,10,16,26,13,12,106,1219,22,56
312,Mathieu Joseph\josepma01,21,RW,70,13,13,26,5,26,95,795,14,129
313,Tyson Jost\jostty01,20,C,70,11,15,26,-2,14,114,910,35,48
314,Zack Kassian\kassiza01,28,RW,79,15,11,26,-6,102,111,1169,15,191
315,Leo Komarov\komarle01,32,C,82,6,20,26,18,42,78,1139,38,203
316,Nick Leddy\leddyni01,27,D,82,4,22,26,0,18,116,1767,89,77
317,Brock McGinn\mcginbr01,24,LW,82,10,16,26,10,20,123,1173,38,137
318,Neal Pionk\pionkne01,23,D,73,6,20,26,-16,35,132,1545,98,138
319,Ivan Provorov\provoiv01,22,D,82,7,19,26,-16,32,145,2059,149,123
320,Pontus Aberg\abergpo01,25,LW,59,12,13,25,-14,20,101,861,11,45
321,Andre Burakovsky\burakan01,23,LW,76,12,13,25,2,14,100,846,29,35
322,Andrew Copp\coppan01,24,C,69,11,14,25,20,6,82,839,34,71
323,Lawson Crouse\crousla01,21,LW,81,11,14,25,5,67,131,1049,44,288
324,Ryan Donato\donatry01,22,C,56,10,15,25,-15,6,139,767,21,24
325,Andy Greene\greenan01,36,D,82,5,20,25,-9,16,104,1708,208,67
326,Mattias Janmark\janmama02,26,C,81,6,19,25,-4,24,105,1233,44,28
327,Erik Johnson\johnser01,30,D,80,7,18,25,8,38,144,1745,143,124
328,Michal Kempny\kempnmi01,28,D,71,6,19,25,24,60,111,1362,135,84
329,Jordan Martinook\martijo01,26,LW,82,15,10,25,1,38,146,1188,46,199
330,Casey Mittelstadt\mitteca01,20,C,77,12,13,25,-19,10,118,1036,16,30
331,Matt Niskanen\niskama01,32,D,80,8,17,25,-3,41,143,1755,137,167
332,Marcus Pettersson\pettema01,22,D,84,2,23,25,17,66,87,1401,108,101
333,Nick Schmaltz\schmani01,22,C,40,7,18,25,-12,8,62,713,12,5
334,Brady Skjei\skjeibr01,24,D,78,8,17,25,-4,44,126,1656,119,178
335,Jake Virtanen\virtaja01,22,RW,70,15,10,25,-4,44,154,1037,37,154
336,Marc-Edouard Vlasic\vlasima01,31,D,72,3,22,25,-6,10,100,1515,114,23
337,Alexander Wennberg\wennbal01,24,C,75,2,23,25,-1,12,64,1131,32,34
338,Pavel Zacha\zachapa01,21,C,61,13,12,25,-6,15,99,981,24,68
339,Kenny Agostino\agostke01,26,LW,63,6,18,24,-3,34,79,814,14,143
340,Brian Boyle\boylebr01,34,C,73,18,6,24,-14,38,123,981,50,145
341,Jordan Greenway\greenjo02,21,LW,81,12,12,24,-12,29,109,1104,40,57
342,Josh Leivo\leivojo01,25,LW,76,14,10,24,5,32,151,1066,23,44
343,Jack Roslovic\rosloja01,22,C,77,9,15,24,-2,4,74,750,21,32
344,David Savard\savarda01,28,D,82,8,16,24,19,36,124,1619,123,122
345,Miles Wood\woodmi01,23,LW,63,10,14,24,-10,91,159,863,27,97
346,Joel Armia\armiajo01,25,RW,57,13,10,23,0,14,134,900,21,113
347,Derick Brassard\brassde01,31,C,70,14,9,23,-19,39,110,1050,15,102
348,Drake Caggiula\caggidr01,24,LW,55,12,11,23,-5,28,96,794,26,135
349,Filip Chytil\chytifi01,19,C,75,11,12,23,-22,8,133,1034,21,29
350,Cal Clutterbuck\cluttca01,31,RW,73,8,15,23,6,44,95,1020,40,209
351,Braydon Coburn\coburbr01,33,D,74,4,19,23,4,34,113,1192,62,96
352,Brian Dumoulin\dumoubr01,27,D,76,3,20,23,31,20,99,1598,129,141
353,Cam Fowler\fowleca01,27,D,59,5,18,23,-14,20,88,1379,91,32
354,Luke Glendening\glendlu01,29,C,78,10,13,23,2,15,102,1231,102,198
355,Ron Hainsey\hainsro01,37,D,81,5,18,23,30,21,81,1641,144,91
356,Brett Howden\howdebr01,20,C,66,6,17,23,-16,14,74,986,47,64
357,Filip Hronek\hronefi01,21,D,46,5,18,23,-10,30,73,918,32,66
358,Brendan Leipsic\leipsbr01,24,LW,62,7,16,23,-14,24,92,855,28,56
359,Adam Lowry\lowryad01,25,LW,78,12,11,23,6,33,105,1142,49,223
360,Matthew Nieto\nietoma01,26,LW,64,4,19,23,2,8,86,881,26,50
361,Daniel Sprong\spronda01,21,RW,63,14,9,23,-16,10,125,753,14,35
362,Troy Stecher\stechtr01,24,D,78,2,21,23,9,32,105,1554,96,91
363,Kyle Turris\turriky01,29,C,55,7,16,23,-6,33,78,863,15,24
364,Josh Archibald\archijo01,26,RW,68,12,10,22,1,15,92,923,39,161
365,Jordie Benn\bennjo01,31,D,81,5,17,22,15,39,93,1474,128,124
366,Dylan DeMelo\demeldy01,25,D,77,4,18,22,-1,32,109,1485,130,121
367,Jason Dickinson\dickija01,23,C,67,6,16,22,9,23,94,896,50,106
368,Brenden Dillon\dillobr01,28,D,82,1,21,22,19,61,71,1455,78,201
369,Nic Dowd\dowdni01,28,C,64,8,14,22,10,20,47,659,37,97
370,Mathew Dumba\dumbama01,24,D,32,12,10,22,-5,21,93,748,43,60
371,Markus Granlund\granlma01,25,C,77,12,10,22,-4,20,123,1158,24,46
372,Roope Hintz\hintzro01,22,LW,58,9,13,22,-11,24,99,815,36,87
373,Troy Brouwer\brouwtr01,33,RW,75,12,9,21,-6,47,86,952,38,177
374,Kyle Clifford\cliffky01,28,LW,72,11,10,21,4,96,115,755,24,115
375,Sean Kuraly\kuralse01,26,C,71,8,13,21,6,38,134,978,35,129
376,Markus Nutivaara\nutivma01,24,D,80,5,16,21,3,6,99,1414,61,80
377,Adam Pelech\pelecad01,24,D,78,5,16,21,22,24,110,1453,116,149
378,Brendan Perlini\perlibr01,22,LW,68,14,7,21,-17,28,117,789,22,51
379,Austin Wagner\wagneau01,21,LW,62,12,9,21,2,16,67,554,9,142
380,Jordan Weal\wealjo01,26,C,63,8,13,21,-8,18,75,848,26,28
381,David Backes\backeda01,34,C,70,7,13,20,0,31,129,913,30,140
382,Travis Boyd\boydtr01,25,C,53,5,15,20,6,6,35,521,21,13
383,Ben Chiarot\chiarbe01,27,D,78,5,15,20,6,62,111,1452,139,171
384,Jakob Chychrun\chychja01,20,D,53,5,15,20,-12,28,117,1074,77,74
385,Matt Cullen\cullema01,42,C,71,7,13,20,6,14,87,817,31,32
386,Danny DeKeyser\dekeyda01,28,D,52,5,15,20,2,39,59,1142,94,79
387,Adam Erne\ernead01,23,LW,65,7,13,20,10,40,70,686,26,159
388,Jesper Fast\fastje01,27,RW,66,8,12,20,-3,26,80,1038,47,120
389,Radko Gudas\gudasra01,28,D,77,4,16,20,6,63,136,1376,133,255
390,Robert Hagg\haggro01,23,D,82,5,15,20,-3,63,86,1390,158,258
391,Ben Hutton\huttobe01,25,D,69,5,15,20,-23,43,114,1543,102,55
392,Nick Jensen\jenseni02,28,D,80,2,18,20,4,21,94,1588,105,82
393,Ondrej Kase\kaseon01,23,RW,30,11,9,20,0,2,94,470,11,17
394,Adam Larsson\larssad01,26,D,82,3,17,20,-28,44,117,1773,128,256
395,Oscar Lindberg\lindbos02,27,C,55,9,11,20,4,28,91,686,27,104
396,Milan Lucic\lucicmi01,30,LW,79,6,14,20,-9,91,74,1046,22,259
397,Jordan Oesterle\oestejo01,26,D,71,6,14,20,-3,12,77,1342,139,58
398,Ryan Reaves\reavery01,32,RW,80,9,11,20,1,74,95,870,24,305
399,Carter Rowney\rowneca01,29,RW,62,7,13,20,0,12,53,778,35,178
400,Zach Sanford\sanfoza01,24,LW,60,8,12,20,8,21,77,755,37,48
401,Justin Abdelkader\abdelju01,31,LW,71,6,13,19,-14,38,95,1093,34,185
402,Rasmus Andersson\anderra01,22,D,79,2,17,19,17,23,115,1267,83,52
403,Zach Bogosian\bogosza01,28,D,65,3,16,19,-5,52,93,1406,116,83
404,Johnny Boychuk\boychjo01,35,D,74,3,16,19,10,25,157,1393,120,144
405,Marcus Foligno\foligma01,27,LW,82,7,12,19,-1,55,91,982,43,206
406,Brian Gibbons\gibbobr02,30,C,64,8,11,19,-5,20,50,699,29,40
407,Carl Hagelin\hagelca01,30,LW,58,5,14,19,7,30,99,854,20,64
408,Travis Hamonic\hamontr01,28,D,69,7,12,19,21,33,128,1440,167,44
409,Garnet Hathaway\hathaga01,27,RW,76,11,8,19,14,56,77,800,36,200
410,David Kampf\kampfda01,24,C,63,4,15,19,-6,14,72,877,30,39
411,Scott Mayfield\mayfisc01,26,D,79,4,15,19,18,68,104,1480,159,118
412,James Neal\nealja01,31,LW,63,7,12,19,-5,28,141,942,19,46
413,Magnus Paajarvi\paajama01,27,LW,80,11,8,19,-14,6,119,1078,67,65
414,Riley Sheahan\sheahri01,27,C,82,9,10,19,-9,17,110,1104,44,72
415,Chris Wagner\wagnech01,27,C,76,12,7,19,3,51,135,1022,38,247
416,Henrik Borgström\borgshe01,21,C,50,8,10,18,-14,4,54,600,12,11
417,Jonas Brodin\brodijo01,25,D,82,4,14,18,-15,30,111,1685,135,61
418,Ryan Carpenter\carpery01,28,C,68,5,13,18,-6,8,102,858,17,126
419,Blake Comeau\comeabl01,32,RW,77,7,11,18,-7,42,102,1211,40,208
420,Austin Czarnik\czarnau01,26,C,54,6,12,18,-1,8,65,612,24,10
421,Tyler Ennis\ennisty01,29,C,51,12,6,18,-6,2,81,507,14,49
422,Christian Fischer\fischch01,21,RW,71,11,7,18,-13,27,116,935,19,124
423,Conor Garland\garlaco01,22,RW,47,13,5,18,1,12,118,601,17,33
424,Zemgus Girgensons\girgeze01,25,C,72,5,13,18,-11,17,78,980,29,144
425,Matt Grzelcyk\grzelma01,25,D,66,3,15,18,9,68,90,1263,60,46
426,Jujhar Khaira\khairju01,24,LW,60,3,15,18,-12,43,64,754,33,123
427,Alec Martinez\martial01,31,D,60,4,14,18,-2,8,78,1282,135,78
428,Brandon Pirri\pirribr01,27,C,31,12,6,18,7,6,82,448,13,29
429,Michael Raffl\rafflmi01,30,LW,67,6,12,18,-1,32,65,765,29,96
430,Michael Rasmussen\rasmumi01,19,C,62,8,10,18,-8,29,74,749,28,84
431,Devon Toews\toewsde01,24,D,48,5,13,18,7,4,81,859,30,24
432,Sven Andrighetto\andrisv01,25,RW,64,7,10,17,10,14,95,708,32,29
433,Zach Aston-Reese\astonza01,24,C,43,8,9,17,12,26,76,587,37,138
434,Matt Benning\bennima01,24,D,70,5,12,17,11,33,94,1046,59,109
435,Jay Bouwmeester\bouwmja01,35,D,78,3,14,17,-3,40,82,1617,127,61
436,Ryan Callahan\callary01,33,RW,52,7,10,17,7,14,76,579,25,89
437,Andrew Cogliano\coglian01,31,LW,78,6,11,17,1,22,106,982,32,68
438,Travis Dermott\dermotr01,22,D,64,4,13,17,-5,22,98,1108,57,100
439,Barclay Goodrow\goodrba01,25,RW,82,7,10,17,4,76,84,903,68,125
440,Scott Harrington\harrisc01,25,D,73,2,15,17,6,23,54,952,81,73
441,Darren Helm\helmda01,32,C,61,7,10,17,-11,20,107,889,26,50
442,Brett Kulak\kulakbr01,25,D,57,6,11,17,12,31,102,1017,64,107
443,Luke Kunin\kuninlu01,21,C,49,6,11,17,-9,27,88,778,34,67
444,Brendan Lemieux\lemiebr01,22,LW,63,12,5,17,6,108,67,570,31,129
445,Tomas Nosek\nosekto01,26,C,68,8,9,17,-10,18,116,848,23,75
446,Cedric Paquette\paquece01,25,C,80,13,4,17,7,80,87,960,61,269
447,Anton Stralman\stralan01,32,D,47,2,15,17,12,8,57,965,71,59
448,Sami Vatanen\vatansa01,27,D,50,4,13,17,-17,22,107,1086,77,68
449,Alex Biega\biegaal01,30,D,41,2,14,16,0,22,91,725,43,101
450,Justin Braun\braunju01,31,D,78,2,14,16,-14,35,105,1584,120,121
451,Erik Cernak\cernaer01,21,D,58,5,11,16,25,58,107,1117,79,198
452,Dennis Cholowski\cholode01,20,D,52,7,9,16,-20,16,71,949,50,18
453,Dan Girardi\girarda01,34,D,62,4,12,16,6,12,75,1104,108,151
454,Michael Grabner\grabnmi01,31,RW,41,9,7,16,-2,8,65,590,15,28
455,Melker Karlsson\karlsme01,28,C,79,12,4,16,-1,26,79,908,39,67
456,Denis Malgin\malgide01,22,C,50,7,9,16,-10,14,66,644,21,40
457,Josh Manson\mansojo01,27,D,74,3,13,16,-8,62,96,1651,90,184
458,Brayden McNabb\mcnabbr01,28,D,81,4,12,16,11,52,84,1578,139,200
459,Tyler Motte\mottety01,23,C,74,9,7,16,-12,10,114,945,52,200
460,Kris Russell\russekr01,31,D,72,3,13,16,5,27,63,1471,185,93
461,Austin Watson\watsoau01,27,LW,37,7,9,16,11,39,64,536,28,109
462,Pierre-Edouard Bellemare\bellepi01,33,LW,76,6,9,15,2,6,108,945,51,71
463,Ian Cole\coleia01,29,D,71,2,13,15,-1,115,82,1403,178,107
464,Eric Fehr\fehrer01,33,RW,72,7,8,15,-8,30,67,795,48,40
465,Warren Foegele\foegewa01,22,LW,77,10,5,15,-17,20,106,962,19,126
466,Nick Holden\holdeni01,31,D,61,3,12,15,5,14,77,1116,76,104
467,Maxime Lajoie\lajoima01,21,D,56,7,8,15,-25,20,79,1059,82,34
468,Jonathon Merrill\merrijo01,26,D,57,3,12,15,16,53,72,1019,72,71
469,Colton Sceviour\scevico01,29,C,59,5,10,15,-2,15,116,725,58,89
470,Justin Schultz\schulju01,28,D,29,2,13,15,0,4,47,595,41,25
471,MacKenzie Weegar\weegama01,25,D,64,4,11,15,-3,64,79,1086,103,127
472,Noel Acciari\acciano01,27,C,72,6,8,14,-3,47,99,935,36,221
473,Sven Baertschi\baertsv01,26,LW,26,9,5,14,-9,6,43,394,13,18
474,Rudolfs Balcers\balceru01,21,LW,36,5,9,14,-7,10,48,445,24,18
475,Zdeno Chara\charazd01,41,D,62,5,9,14,22,57,99,1307,88,81
476,Calvin de Haan\dehaaca01,27,D,74,1,13,14,1,20,102,1370,106,187
477,Brandon Dubinsky\dubinbr01,32,C,61,6,8,14,-16,36,63,754,28,147
478,Joel Eriksson Ek\eriksjo02,22,C,58,7,7,14,-7,20,111,783,24,117
479,Derek Forbort\forbode01,26,D,81,2,12,14,-13,52,75,1680,139,105
480,Frederik Gauthier\gauthfr01,23,C,70,3,11,14,3,12,46,586,28,98
481,Derek Grant\grantde01,28,C,56,4,10,14,-6,14,74,654,29,92
482,Johan Larsson\larssjo02,26,LW,73,6,8,14,-8,37,79,1043,44,112
483,Olli Maatta\maattol01,24,D,60,1,13,14,9,12,74,1115,116,97
484,Matt Martin\martima02,29,LW,67,6,8,14,5,53,62,766,42,275
485,Jake McCabe\mccabja01,25,D,59,4,10,14,-4,35,64,1118,99,103
486,Trevor van Riemsdyk\vanritr01,27,D,78,3,11,14,-4,10,102,1175,84,42
487,Nikita Zadorov\zadorni01,23,D,70,7,7,14,19,75,100,1204,67,228
488,Nikita Zaitsev\zaitsni01,27,D,81,3,11,14,2,18,71,1658,151,139
489,Michael Amadio\amadimi01,22,C,43,6,7,13,-1,6,37,439,13,16
490,Jay Beagle\beaglja01,33,RW,57,3,10,13,-8,18,45,778,33,102
491,Sam Gagner\gagnesa01,29,C,32,6,7,13,-6,14,68,467,7,21
492,Rocco Grimaldi\grimaro01,25,C,53,5,8,13,-2,10,81,530,20,32
493,Tim Heed\heedti01,28,D,37,2,11,13,9,10,41,532,31,16
494,Jack Johnson\johnsja02,32,D,82,1,12,13,-4,41,86,1581,147,233
495,Par Lindholm\lindhpa01,27,C,65,1,12,13,5,18,65,738,55,58
496,Andrew Mangiapane\mangian01,22,LW,44,8,5,13,11,12,65,464,17,43
497,Victor Mete\metevi01,20,D,71,0,13,13,17,6,65,1262,95,21
498,John Moore\moorejo01,28,D,61,4,9,13,0,26,97,1145,76,77
499,Connor Murphy\murphco02,25,D,52,5,8,13,12,40,84,1013,91,119
500,Marco Scandella\scandma01,28,D,63,6,7,13,-13,26,83,1109,75,53
501,Brett Seney\seneybr01,22,LW,51,5,8,13,-14,31,49,527,15,48
502,Brendan Smith\smithbr05,29,D,63,4,9,13,-7,71,66,964,48,100
503,Vladimir Sobotka\sobotvl01,31,C,69,5,8,13,-20,26,71,979,30,87
504,Marc Staal\staalma01,32,D,79,3,10,13,-9,32,84,1534,119,94
505,Drew Stafford\staffdr01,33,RW,57,5,8,13,-7,18,77,699,19,50
506,Troy Terry\terrytr01,21,C,32,4,9,13,8,2,25,446,12,4
507,Nate Thompson\thompna01,34,C,78,5,8,13,-1,17,71,1014,44,87
508,Nathan Beaulieu\beaulna01,26,D,48,3,9,12,6,39,60,744,42,60
509,Deryk Engelland\engelde01,36,D,74,2,10,12,-3,18,105,1471,152,165
510,Adam Gaudette\gaudead01,22,C,56,5,7,12,-8,18,55,613,15,48
511,Jayce Hawryluk\hawryja01,23,C,42,7,5,12,-8,16,35,396,25,101
512,Brad Hunt\huntbr01,30,D,42,5,7,12,-2,8,75,625,28,18
513,Henri Jokiharju\jokihhe01,19,D,38,0,12,12,-7,16,62,721,37,48
514,Marcus Kruger\krugema01,28,C,74,4,8,12,-2,30,74,771,34,51
515,Trevor Lewis\lewistr01,32,C,44,3,9,12,-9,9,87,617,25,53
516,Riley Nash\nashri02,29,C,78,3,9,12,-8,19,79,846,43,72
517,Joakim Nordstrom\nordsjo02,26,C,70,7,5,12,0,13,103,944,52,86
518,Jamie Oleksiak\oleksja01,26,D,57,4,8,12,5,45,55,840,59,135
519,Jean-Gabriel Pageau\pageaje01,26,C,39,4,8,12,-12,14,83,696,38,63
520,Tyler Pitlick\pitlity01,27,C,47,8,4,12,-2,6,75,629,27,93
521,Derrick Pouliot\poulide01,25,D,62,3,9,12,-1,30,58,1064,71,76
522,Kiefer Sherwood\sherwki01,23,RW,50,6,6,12,1,8,60,569,19,79
523,Chris Tanev\tanevch01,29,D,55,2,10,12,3,18,51,1109,122,29
524,Tage Thompson\thompta01,21,C,65,7,5,12,-22,20,108,788,9,66
525,Christian Wolanin\wolanch01,23,D,30,4,8,12,3,6,36,520,31,11
526,Connor Carrick\carrico01,24,D,34,2,9,11,-13,19,42,571,37,25
527,Joel Edmundson\edmunjo01,25,D,64,2,9,11,8,68,102,1241,106,128
528,Taylor Fedun\fedunta01,30,D,54,4,7,11,2,14,86,748,58,19
529,Andrew Ladd\laddan01,33,LW,26,3,8,11,3,16,34,360,8,37
530,Matt Luff\luffma01,21,RW,33,8,3,11,-2,9,45,367,19,17
531,Greg McKegg\mckeggr01,26,C,41,6,5,11,-2,8,27,437,18,30
532,Mirco Mueller\muellmi01,23,D,53,1,10,11,-3,17,39,958,61,75
533,Mark Pysyk\pysykma01,27,D,70,1,10,11,-1,26,64,1279,89,133
534,Lukas Radil\radillu01,28,C,36,7,4,11,7,6,40,385,9,29
535,Ty Rattie\rattity01,25,RW,50,4,7,11,-2,4,84,567,7,57
536,Mike Reilly\reillmi01,25,D,57,3,8,11,0,16,101,1065,53,48
537,Tobias Rieder\riedeto01,26,C,67,0,11,11,-8,8,92,847,44,69
538,Sam Steel\steelsa01,20,C,22,6,5,11,2,8,33,329,6,9
539,Chandler Stephenson\stephch02,24,C,64,5,6,11,-13,0,36,775,33,38
540,Dale Weise\weiseda01,30,RW,51,5,6,11,-8,19,58,601,21,88
541,Mason Appleton\applema01,23,C,36,3,7,10,9,4,29,295,12,28
542,Teddy Blueger\bluegte01,24,C,28,6,4,10,7,15,33,310,14,52
543,Robert Bortuzzo\borturo01,29,D,59,2,8,10,9,47,75,913,72,95
544,Madison Bowey\boweyma01,23,D,50,2,8,10,-1,46,48,763,63,72
545,Brandon Carlo\carlobr01,22,D,72,2,8,10,22,47,116,1506,88,134
546,Michael Del Zotto\delzomi01,28,D,42,1,9,10,-2,8,45,715,53,129
547,Christian Djoos\djoosch01,24,D,45,1,9,10,9,4,33,611,28,18
548,Erik Gudbranson\gudbrer01,27,D,76,2,8,10,-20,87,94,1386,84,184
549,Niklas Hjalmarsson\hjalmni01,31,D,82,0,10,10,8,44,57,1615,187,45
550,Dryden Hunt\huntdr01,23,LW,31,3,7,10,0,8,53,343,9,65
551,Christian Jaros\jarosch01,22,D,61,1,9,10,-14,27,65,876,82,110
552,Chris Kunitz\kunitch01,39,LW,56,5,5,10,-7,23,44,507,15,85
553,Patrik Nemeth\nemetpa01,26,D,74,1,9,10,5,53,57,1220,131,137
554,Valeri Nichushkin\nichuva01,23,RW,57,0,10,10,-4,0,65,679,32,71
555,Boo Nieves\nievecr01,25,C,43,4,6,10,-4,8,34,415,18,33
556,Matthew Peca\pecama01,25,C,39,3,7,10,-14,4,35,410,21,33
557,Corey Perry\perryco01,33,RW,31,6,4,10,-16,27,59,460,14,21
558,Kevin Rooney\rooneke01,25,C,41,6,4,10,-4,15,39,517,22,77
559,Tim Schaller\schalti01,28,LW,47,3,7,10,-2,9,44,501,18,66
560,Sean Walker\walkese01,24,D,39,3,7,10,-8,8,55,602,40,43
561,Drake Batherson\bathedr01,20,C,20,3,6,9,-2,6,18,268,21,17
562,Kyle Brodziak\brodzky01,34,C,70,6,3,9,-14,33,74,818,46,92
563,William Carrier\carriwi01,24,LW,54,8,1,9,-4,29,85,537,13,277
564,Jacob de La Rose\delarja01,23,LW,60,3,6,9,-13,16,55,686,29,72
565,Christoffer Ehn\ehnch01,22,C,60,3,6,9,-5,6,49,637,39,70
566,Jakob Forsbacka Karlsson\forsbja01,22,C,28,3,6,9,1,2,21,330,9,14
567,Gustav Forsling\forslgu02,22,D,43,3,6,9,-9,30,57,735,38,38
568,Mario Kempe\kempema01,30,C,52,4,5,9,5,18,57,582,30,105
569,Tom Kuhnhackl\kuhnhto01,27,RW,36,4,5,9,1,10,30,457,41,48
570,Ben Lovejoy\lovejbe01,34,D,71,2,7,9,-1,37,95,1213,118,76
571,Andrew MacDonald\macdoan01,32,D,47,0,9,9,-5,18,41,771,95,30
572,Brooks Orpik\orpikbr01,38,D,53,2,7,9,8,32,43,830,78,131
573,Roman Polak\polakro01,32,D,77,1,8,9,6,69,77,1476,152,191
574,Jesse Puljujarvi\puljuje01,20,RW,46,4,5,9,-14,16,53,550,26,46
575,Victor Rask\raskvi01,25,C,49,3,6,9,-4,8,55,593,12,40
576,Radim Simek\simekra01,26,D,41,1,8,9,7,8,41,624,34,67
577,Ryan Spooner\spoonry01,27,C,52,3,6,9,-12,2,67,594,7,39
578,Gabriel Bourque\bourqga01,28,LW,55,2,6,8,3,10,34,536,48,100
579,J.T. Brown\brownjt01,28,RW,56,3,5,8,0,29,56,514,16,99
580,Colby Cave\caveco01,24,C,53,3,5,8,-5,16,58,653,18,73
581,Kevin Connauton\connake01,28,D,50,1,7,8,-2,22,76,918,75,108
582,Trevor Daley\daleytr01,35,D,44,2,6,8,-3,12,47,817,53,14
583,Jason Demers\demerja01,30,D,35,2,6,8,9,12,39,700,43,50
584,Dmitrij Jaskin\jaskidm01,25,RW,37,2,6,8,-5,6,48,373,14,87
585,Ryan Kesler\keslery01,34,C,60,5,3,8,-19,44,86,990,56,93
586,Bogdan Kiselevich\kiselbo01,28,D,32,0,8,8,-3,12,14,475,21,49
587,Oliver Kylington\kylinol01,21,D,38,3,5,8,3,10,21,472,41,11
588,Saku Maenalanen\maenasa01,24,RW,34,4,4,8,0,20,36,321,10,45
589,Trevor Moore\mooretr01,23,LW,25,2,6,8,1,2,26,227,7,15
590,Stefan Noesen\noesest01,25,RW,41,3,5,8,-19,28,64,522,21,95
591,Jan Rutta\ruttaja02,28,D,37,2,6,8,4,16,42,577,30,24
592,Dylan Sikura\sikurdy01,23,C,33,0,8,8,2,0,52,372,10,3
593,Devante Smith-Pelly\smithde06,26,RW,54,4,4,8,-6,15,60,586,36,78
594,Antti Suomela\suomean01,24,C,27,3,5,8,1,4,42,306,11,10
595,Yannick Weber\weberya01,30,D,62,2,6,8,7,18,67,739,32,64
596,Garrett Wilson\wilsoga01,27,LW,50,2,6,8,2,18,54,381,16,114
597,Joey Anderson\anderjo08,20,RW,34,4,3,7,-7,6,49,439,11,42
598,Max Comtois\comtoma01,20,LW,10,2,5,7,3,7,9,146,3,27
599,Michael Dal Colle\dalcomi01,22,LW,28,3,4,7,3,2,34,339,8,10
600,Christian Dvorak\dvorach01,22,C,20,2,5,7,-2,2,25,288,7,16
601,Carl Gunnarsson\gunnaca01,32,D,25,3,4,7,8,6,21,398,35,11
602,Markus Hannikainen\hannima01,25,LW,44,4,3,7,-5,2,52,417,8,63
603,Erik Haula\haulaer01,27,LW,15,2,5,7,1,10,26,249,6,11
604,Taro Hirose\hirosta01,22,LW,10,1,6,7,0,2,15,153,9,1
605,Matt Irwin\irwinma01,31,D,44,1,6,7,5,38,50,497,37,80
606,Jamie McGinn\mcginja01,30,LW,19,4,3,7,-5,6,23,203,3,34
607,Adam McQuaid\mcquaad01,32,D,50,3,4,7,2,42,28,789,88,122
608,Kevan Miller\milleke03,31,D,39,0,7,7,8,35,32,692,79,73
609,Joseph Morrow\morrojo02,26,D,41,1,6,7,0,20,40,572,37,37
610,Igor Ozhiganov\ozhigig01,26,D,53,3,4,7,0,14,43,743,48,57
611,Greg Pateryn\patergr01,28,D,80,1,6,7,-11,41,100,1370,118,144
612,Joakim Ryan\ryanjo02,25,D,44,0,7,7,-1,15,35,562,39,43
613,Miikka Salomaki\salommi01,25,RW,37,3,4,7,5,8,51,387,20,72
614,Nick Seeler\seeleni01,25,D,71,2,5,7,-4,64,67,876,116,78
615,Phil Varone\varonph01,28,C,47,3,4,7,-2,8,34,372,19,23
616,Chris Wideman\widemch01,29,D,25,2,5,7,-12,18,27,326,26,35
617,Egor Yakovlev\yakoveg01,27,D,25,2,5,7,-6,6,24,392,22,12
618,Lias Andersson\anderli01,20,C,42,2,4,6,-13,29,41,450,8,60
619,Peter Cehlarik\cehlape01,23,LW,20,4,2,6,3,6,30,252,7,5
620,Fredrik Claesson\claesfr01,26,D,37,2,4,6,3,9,44,638,33,76
621,Carl Dahlstrom\dahlsca01,24,D,38,0,6,6,9,6,42,707,35,33
622,Jean-Sebastien Dea\deaje01,24,C,23,4,2,6,0,8,29,236,12,21
623,Sheldon Dries\driessh01,24,C,40,3,3,6,-7,26,44,363,20,66
624,Robby Fabbri\fabbrro01,23,C,32,2,4,6,-4,6,43,405,8,30
625,Christian Folin\folinch01,27,D,45,0,6,6,6,27,47,705,78,125
626,Alexandre Fortin\fortial01,21,LW,24,3,3,6,-6,2,29,254,7,21
627,Martin Frk\frkma01,25,RW,30,1,5,6,-9,4,28,276,4,35
628,Carl Grundstrom\grundca01,21,RW,15,5,1,6,-4,6,26,225,3,38
629,Micheal Haley\haleymi01,32,C,43,2,4,6,-2,75,34,348,16,76
630,Caleb Jones\jonesca01,21,D,17,1,5,6,-9,6,21,337,18,20
631,Steven Kampfer\kampfst01,30,D,35,3,3,6,-6,22,40,512,32,44
632,Slater Koekkoek\koekksl01,24,D,31,2,4,6,4,14,36,491,48,54
633,Dmitry Kulikov\kulikdm01,28,D,57,0,6,6,4,47,40,893,71,88
634,Juho Lammikko\lammiju01,23,RW,40,0,6,6,-7,6,39,437,21,45
635,Casey Nelson\nelsoca01,26,D,38,1,5,6,1,13,37,586,36,44
636,Dion Phaneuf\phanedi01,33,D,67,1,5,6,-21,53,80,1005,79,128
637,Lawrence Pilut\pilutla01,23,D,33,1,5,6,-8,20,37,575,33,20
638,Brett Ritchie\ritchbr01,25,RW,53,4,2,6,-7,57,57,509,13,126
639,Matt Roy\royma04,23,D,25,2,4,6,-1,8,34,428,47,38
640,Lukas Sedlak\sedlalu01,25,C,47,4,2,6,-5,10,43,423,20,69
641,Brandon Sutter\suttebr03,29,C,26,4,2,6,-12,6,43,454,13,33
642,Gavin Bayreuther\bayrega01,24,D,19,2,3,5,2,10,25,346,19,11
643,Mark Borowiecki\borowma01,29,D,53,1,4,5,-12,89,59,825,93,212
644,Michael Chaput\chapumi01,26,C,32,0,5,5,-4,14,31,359,17,53
645,Josh Currie\currijo01,26,RW,21,2,3,5,2,2,19,183,17,39
646,Nicolas Deslauriers\deslani01,27,LW,48,2,3,5,-12,22,48,482,22,135
647,Dillon Dube\dubedi01,20,C,25,1,4,5,2,4,22,252,3,11
648,Jonathan Ericsson\ericsjo01,34,D,52,3,2,5,-10,35,48,895,56,98
649,Ryan Graves\gravery01,23,D,26,3,2,5,4,2,26,289,51,32
650,Dan Hamhuis\hamhuda01,36,D,57,0,5,5,-2,28,39,915,61,38
651,Ben Harpur\harpube01,24,D,51,1,4,5,-13,56,50,899,69,89
652,John Hayden\haydejo01,23,C,54,3,2,5,-12,27,42,495,23,97
653,Charles Hudon\hudonch01,24,LW,32,3,2,5,-9,16,50,374,9,73
654,Max Jones\jonesma03,20,LW,30,2,3,5,-1,14,58,395,5,30
655,Noah Juulsen\juulsno01,21,D,21,1,4,5,5,6,22,359,39,60
656,Vladislav Kamenev\kamenvl01,22,LW,23,2,3,5,-2,10,22,208,4,20
657,Karson Kuhlman\kuhlmka01,23,C,11,3,2,5,5,2,15,134,4,6
658,Dean Kukan\kukande01,25,D,25,0,5,5,6,6,16,337,21,16
659,Paul Ladue\laduepa01,26,D,33,2,3,5,0,12,33,436,25,51
660,Jacob Larsson\larssja01,21,D,49,0,5,5,-4,16,57,839,59,41
661,Mackenzie MacEachern\maceama01,24,LW,29,3,2,5,0,10,33,233,4,49
662,Josh Mahura\mahurjo01,20,D,17,1,4,5,0,4,20,243,18,6
663,Martin Marincin\marinma01,26,D,24,1,4,5,-4,12,34,365,21,21
664,Alan Quine\quineal01,25,C,13,3,2,5,0,6,11,123,2,14
665,Juuso Riikola\riikoju01,25,D,37,2,3,5,3,10,43,617,38,86
666,Michael Stone\stonemi01,28,D,14,0,5,5,0,10,12,223,16,27
667,Ben Street\streebe01,31,C,21,3,2,5,-4,2,19,253,9,19
668,Valentin Zykov\zykovva01,23,LW,28,2,3,5,-5,2,29,279,6,26
669,Patrik Berglund\berglpa01,30,C,23,2,2,4,-5,6,25,300,16,25
670,Sammy Blais\blaissa01,22,LW,32,2,2,4,-1,6,27,315,12,93
671,Connor Brickley\brickco01,26,C,14,1,3,4,3,9,18,126,6,35
672,Phillip Di Giuseppe\digiuph01,25,LW,24,1,3,4,-3,8,31,243,9,54
673,Oscar Fantenberg\fanteos01,27,D,61,2,2,4,3,17,70,976,74,91
674,Kurtis Gabriel\gabriku01,25,RW,22,2,2,4,0,59,7,162,8,78
675,Frederick Gaudreau\gaudrfr01,25,C,55,3,1,4,1,2,43,496,18,25
676,Denis Gurianov\guriade01,21,RW,21,1,3,4,-3,0,23,228,9,23
677,Thomas Hickey\hicketh01,29,D,40,0,4,4,5,33,47,740,71,40
678,Korbinian Holzer\holzeko01,30,D,22,1,3,4,5,8,15,353,38,61
679,Julius Honka\honkaju01,23,D,29,0,4,4,-2,10,38,398,31,16
680,Tomas Hyka\hykato01,25,RW,17,1,3,4,-2,2,22,200,5,6
681,Ross Johnston\johnsro02,24,LW,17,1,3,4,3,23,12,135,1,43
682,Corban Knight\knighco01,28,C,23,1,3,4,-5,0,15,223,13,9
683,Ilya Lyubushkin\lyubuil01,24,D,41,0,4,4,-9,13,27,563,61,150
684,Brandon Manning\mannibr01,28,D,39,2,2,4,-15,25,33,579,40,63
685,Andreas Martinsen\martian01,28,LW,24,1,3,4,-5,14,21,190,9,83
686,Jaycob Megna\megnaja02,26,D,28,1,3,4,-1,12,31,407,29,32
687,Sami Niku\nikusa01,22,D,30,1,3,4,0,2,19,418,30,10
688,Alexander Nylander\nylanal01,20,LW,12,2,2,4,-4,4,16,146,1,1
689,Victor Olofsson\olofsvi01,23,RW,6,2,2,4,1,2,21,108,3,2
690,Steven Santini\santist01,23,D,39,1,3,4,-6,16,41,650,43,80
691,Andrej Sekera\sekeran01,32,D,24,0,4,4,3,6,28,396,21,17
692,Jonas Siegenthaler\siegejo01,21,D,26,0,4,4,6,10,12,368,44,31
693,Max Veronneau\veronma01,23,RW,12,2,2,4,-5,0,15,150,5,0
694,Andy Welinski\welinan01,25,D,26,1,3,4,-5,8,32,417,18,47
695,Nathan Bastian\bastina01,21,RW,7,3,0,3,0,10,13,89,1,24
696,Clark Bishop\bishocl01,22,C,20,1,2,3,-3,6,16,189,5,39
697,Anthony Bitetto\bitetan01,28,D,36,0,3,3,-7,12,30,429,36,80
698,Anders Bjork\bjorkan01,22,LW,20,1,2,3,-1,2,18,236,12,9
699,Jonny Brodzinski\brodzjo01,25,C,13,2,1,3,0,2,17,129,7,23
700,Joseph Gambardella\gambajo01,25,C,15,0,3,3,2,2,7,122,5,14
701,Brendan Gaunce\gauncbr01,24,C,3,1,2,3,3,0,2,23,0,4
702,Kevin Gravel\graveke01,26,D,36,0,3,3,-2,4,44,530,53,31
703,Matt Hendricks\hendrma01,37,C,26,0,3,3,-2,19,23,230,8,40
704,Quinn Hughes\hughequ01,19,D,5,0,3,3,0,2,6,90,1,1
705,Jordan Kyrou\kyroujo01,20,C,16,1,2,3,-1,4,16,155,3,2
706,Jori Lehtera\lehtejo01,31,C,27,1,2,3,-7,33,17,246,7,29
707,Vinni Lettieri\lettivi01,23,C,27,1,2,3,-7,14,40,274,11,41
708,Michael McLeod\mcleomi01,20,C,21,0,3,3,-8,13,21,256,4,41
709,Xavier Ouellet\ouellxa01,25,D,19,0,3,3,-3,13,32,323,30,32
710,Nic Petan\petanni01,23,C,18,1,2,3,-5,2,15,137,4,2
711,Ryan Poehling\poehlry01,20,C,1,3,0,3,3,0,3,11,0,1
712,Zac Rinaldo\rinalza01,28,C,23,1,2,3,1,20,11,164,8,47
713,Gemel Smith\smithge02,24,C,17,2,1,3,-4,0,14,142,3,13
714,Juuso Valimaki\valimju01,20,D,24,1,2,3,-2,12,28,372,43,21
715,Scott Wilson\wilsosc01,26,C,15,0,3,3,-8,4,25,172,2,29
716,Filip Zadina\zadinfi01,19,RW,9,1,2,3,-5,0,18,138,3,6
717,Andrew Agozzino\agozzan01,28,LW,11,1,1,2,2,0,11,86,3,14
718,Darren Archibald\archida02,28,RW,12,1,1,2,-3,12,10,89,4,10
719,Josh Brown\brownjo01,25,D,37,1,1,2,-3,28,28,492,31,80
720,Chris Butler\butlech01,32,D,13,1,1,2,3,0,10,183,17,17
721,A.J. Greer\greeraj01,22,LW,15,1,1,2,-2,14,9,94,5,20
722,Martin Hanzal\hanzama01,31,C,7,1,1,2,-4,4,14,90,4,14
723,Joshua Ho-Sang\hosanjo01,23,C,10,1,1,2,2,6,10,145,3,0
724,Matt Hunwick\hunwima01,33,D,14,0,2,2,-7,4,10,220,9,6
725,Adam Johnson\johnsad01,24,C,6,0,2,2,2,0,3,32,3,11
726,Joel L'Esperance\lespejo01,23,RW,18,2,0,2,-4,6,24,220,4,22
727,Tyler Lewington\lewinty01,24,D,2,1,1,2,3,7,3,28,1,4
728,Isac Lundestrom\lundeis01,19,C,15,0,2,2,-1,2,13,195,5,4
729,Danick Martel\marteda01,24,LW,9,0,2,2,3,8,16,92,1,12
730,Ian McCoshen\mccosia01,23,D,19,1,1,2,-2,8,15,253,13,41
731,Philippe Myers\myersph01,22,D,21,1,1,2,-5,2,25,323,8,42
732,Martin Necas\necasma01,20,C,7,1,1,2,0,2,6,70,2,3
733,Jordan Nolan\nolanjo01,29,C,14,0,2,2,2,14,17,111,4,22
734,Nick Paul\paulni01,23,LW,20,1,1,2,-10,4,30,169,4,28
735,Alexander Petrovic\petroal01,26,D,35,0,2,2,-15,26,47,578,53,116
736,Dalton Prout\proutda01,28,D,20,1,1,2,1,8,14,262,20,36
737,Tom Pyatt\pyattto01,31,C,37,0,2,2,-16,2,29,433,46,15
738,Chad Ruhwedel\ruhwech01,28,D,18,1,1,2,-9,4,22,293,16,40
739,Luke Schenn\schenlu01,29,D,26,0,2,2,-10,16,30,362,39,105
740,David Schlemko\schleda01,31,D,18,0,2,2,-1,4,29,357,45,29
741,Jordan Schmaltz\schmajo01,25,D,20,0,2,2,-7,2,11,230,22,10
742,C.J. Smith\smithcj01,24,LW,11,2,0,2,0,0,18,117,1,4
743,Eeli Tolvanen\tolvaee01,19,RW,4,1,1,2,2,0,2,53,2,4
744,Mikhail Vorobyev\vorobmi01,22,C,15,1,1,2,0,2,10,140,4,4
745,Luke Witkowski\witkolu01,28,D,34,0,2,2,-5,23,14,326,27,67
746,Kailer Yamamoto\yamamka01,20,RW,17,1,1,2,-6,2,13,222,11,18
747,Karl Alzner\alzneka01,30,D,9,0,1,1,1,2,8,156,10,13
748,Jaret Anderson-Dolan\anderja01,19,C,5,0,1,1,-2,0,6,58,2,5
749,Justin Bailey\baileju01,23,RW,11,0,1,1,0,2,5,63,5,9
750,Mark Barberio\barbema01,28,D,12,1,0,1,-6,4,11,183,14,13
751,Matt Bartkowski\bartkma01,30,D,2,1,0,1,2,0,2,21,1,1
752,Matt Beleskey\belesma01,30,LW,4,1,0,1,1,5,3,29,1,7
753,Evan Bouchard\bouchev01,19,D,7,1,0,1,-5,2,10,86,8,6
754,Daniel Brickley\brickda01,23,D,4,0,1,1,-2,0,2,51,4,5
755,Michael Bunting\buntimi01,23,LW,5,1,0,1,0,2,5,48,1,6
756,Daniel Carr\carrda01,27,LW,6,1,0,1,-1,0,11,59,3,9
757,Sam Carrick\carrisa01,26,C,6,0,1,1,-1,2,5,61,2,15
758,Rourke Chartier\chartro01,22,C,13,1,0,1,-5,2,19,122,3,14
759,Filip Chlapik\chlapfi01,21,C,5,1,0,1,-2,4,9,69,4,1
760,Connor Clifton\cliftco01,23,D,19,0,1,1,5,15,22,336,13,40
761,Erik Condra\condrer01,32,RW,6,1,0,1,-2,2,10,76,1,3
762,Zac Dalpe\dalpeza01,29,RW,1,0,1,1,1,0,1,9,0,0
763,Brandon Davidson\davidbr01,27,D,10,0,1,1,-4,15,7,138,15,17
764,Matt Donovan\donovma01,28,D,2,0,1,1,0,2,1,15,3,0
765,Jake Dotchin\dotchja01,24,D,20,0,1,1,-4,39,7,236,16,54
766,Justin Dowling\dowliju01,28,C,11,0,1,1,-4,0,9,139,7,11
767,Remi Elie\eliere01,23,LW,16,0,1,1,-3,2,9,166,3,30
768,Stefan Elliott\elliost01,28,D,3,0,1,1,1,0,3,27,1,2
769,Dante Fabbro\fabbrda01,20,D,4,1,0,1,-1,0,5,51,6,3
770,Haydn Fleury\fleurha01,22,D,20,0,1,1,4,2,17,251,21,25
771,Alex Formenton\formeal01,19,LW,9,1,0,1,-2,6,16,105,7,11
772,Tanner Fritz\fritzta01,27,C,8,0,1,1,-3,2,6,87,6,18
773,Jason Garrison\garrija01,34,D,17,1,0,1,1,8,16,216,23,13
774,Ben Gleason\gleasbe01,20,D,4,0,1,1,-1,0,2,60,1,2
775,Brendan Guhle\guhlebr01,21,D,8,0,1,1,-2,4,15,120,7,9
776,Libor Hajek\hajekli01,20,D,5,1,0,1,1,6,10,83,3,5
777,Dillon Heatherington\heathdi01,23,D,5,0,1,1,4,0,5,51,2,6
778,Justin Holl\hollju01,27,D,11,0,1,1,-5,2,6,137,5,9
779,Luke Johnson\johnslu01,24,C,15,0,1,1,-8,8,19,162,9,31
780,Kalle Kossila\kossika01,25,LW,8,1,0,1,-1,4,11,82,3,5
781,Brian Lashoff\lashobr01,28,D,4,0,1,1,-1,2,2,55,4,3
782,Jeremy Lauzon\lauzoje01,21,D,16,1,0,1,-1,2,11,249,15,15
783,Kurtis MacDermid\macdeku01,24,D,11,0,1,1,-1,11,5,103,4,26
784,Jacob MacDonald\macdoja02,25,D,2,1,0,1,1,0,1,24,1,1
785,Zack MacEwen\macewza01,22,C,4,0,1,1,-4,5,2,29,1,4
786,Max McCormick\mccorma01,26,LW,14,1,0,1,-6,4,12,105,6,21
787,Cody McLeod\mcleoco01,34,LW,38,1,0,1,-13,67,22,246,10,112
788,Wade Megan\meganwa01,28,C,11,0,1,1,-4,2,16,87,4,4
789,Jacob Middleton\middlja01,23,D,3,0,1,1,-1,2,0,30,2,1
790,Sonny Milano\milanso01,22,LW,8,1,0,1,0,0,5,67,0,5
791,Ryan Murphy\murphry01,25,D,3,0,1,1,1,0,1,34,3,1
792,Blake Pietila\pietibl01,25,LW,19,0,1,1,-7,6,22,252,8,36
793,Tomas Plekanec\plekato01,36,C,3,1,0,1,0,0,8,33,1,1
794,Matt Puempel\puempma01,26,LW,8,1,0,1,-2,2,10,83,5,4
795,John Quenneville\quennjo02,22,C,19,1,0,1,-1,4,16,215,7,21
796,Kyle Rau\rauky01,26,C,6,0,1,1,0,0,6,42,2,11
797,Matt Read\readma01,32,RW,12,1,0,1,-2,2,13,141,8,11
798,Calle Rosen\rosenca01,24,D,4,1,0,1,-3,0,5,67,2,1
799,Ashton Sautner\sautnas01,24,D,17,0,1,1,-2,2,21,247,17,25
800,Luca Sbisa\sbisalu01,29,D,9,0,1,1,0,4,5,139,7,17
801,Nikita Scherbak\scherni01,23,RW,8,1,0,1,-4,2,12,81,1,9
802,Cameron Schilling\schilca01,30,D,4,0,1,1,0,0,2,48,5,3
803,Jimmy Schuldt\schulja01,23,D,1,0,1,1,-1,0,1,21,1,0
804,Zachary Senyshyn\senysza01,21,RW,2,1,0,1,0,0,4,23,0,1
805,Eric Tangradi\tangrer01,29,C,6,0,1,1,-3,0,10,83,4,11
806,Alexandre Texier\texieal01,19,C,2,1,0,1,3,0,6,26,1,2
807,Dominic Toninato\tonindo01,24,C,2,1,0,1,0,0,1,13,1,0
808,Zach Trotman\trotmza01,28,D,13,0,1,1,4,4,16,198,18,20
809,Kristian Vesalainen\vesalkr01,19,W,5,0,1,1,0,0,1,34,1,1
810,Nathan Walker\walkena01,24,C,3,0,1,1,1,2,2,24,0,5
811,Vitaly Abramov\abramvi01,20,RW,1,0,0,0,-3,0,0,14,1,0
812,Mark Alt\altma01,27,D,2,0,0,0,0,0,2,20,2,0
813,Nicolas Aube-Kubel\aubekni01,22,RW,9,0,0,0,1,0,2,50,0,14
814,Jake Bean\beanja01,20,D,2,0,0,0,0,2,1,17,0,1
815,Louis Belpedio\belpelo01,22,D,2,0,0,0,0,0,0,26,4,1
816,Colin Blackwell\blackco01,25,C,6,0,0,0,-1,2,5,58,3,10
817,Joseph Blandisi\blandjo01,24,C,9,0,0,0,-1,6,8,67,1,10
818,Anton Blidh\blidhan01,23,LW,1,0,0,0,0,0,0,14,1,6
819,William Borgen\borgewi01,22,D,4,0,0,0,-5,0,2,66,3,12
820,Reid Boucher\bouchre01,25,C,1,0,0,0,0,0,0,5,0,1
821,Erik Brannstrom\branner01,19,D,2,0,0,0,0,0,0,36,1,1
822,Guillaume Brisebois\brisegu01,21,D,8,0,0,0,-4,0,5,88,7,3
823,Logan Brown\brownlo01,20,C,2,0,0,0,-2,0,2,21,1,0
824,Erik Burgdoerfer\burgder01,30,D,4,0,0,0,-1,2,2,43,0,16
825,Kyle Capobianco\capobky01,21,D,2,0,0,0,-2,0,1,32,2,2
826,Paul Carey\careypa01,30,C,7,0,0,0,0,0,4,75,3,3
827,Gabriel Carlsson\carlsga01,22,D,1,0,0,0,-1,2,1,9,0,0
828,Trevor Carrick\carritr01,24,D,1,0,0,0,-1,5,0,11,1,1
829,Jake Chelios\chelija01,27,D,5,0,0,0,0,2,5,86,5,7
830,Adam Clendening\clendad01,26,D,4,0,0,0,1,0,3,43,3,1
831,Cory Conacher\conacco01,29,LW,1,0,0,0,0,2,1,9,0,0
832,Adam Cracknell\crackad01,33,RW,2,0,0,0,-1,0,3,21,0,6
833,Marko Daňo\danoma01,24,C,8,0,0,0,-1,7,3,55,3,16
834,Laurent Dauphin\dauphla01,23,C,1,0,0,0,-1,0,2,12,1,0
835,Chase De Leo\deleoch01,23,C,1,0,0,0,1,0,4,13,0,1
836,Patrick Eaves\eavespa01,34,RW,7,0,0,0,-4,4,6,97,1,14
837,Andreas Englund\engluan01,23,D,3,0,0,0,-2,10,2,40,2,5
838,Justin Falk\falkju01,30,D,10,0,0,0,-4,11,7,129,9,36
839,Steven Fogarty\fogarst01,25,C,10,0,0,0,-1,0,9,78,3,6
840,Trent Frederic\fredetr01,20,C,15,0,0,0,-4,15,19,141,3,18
841,Mark Friedman\friedma01,23,D,1,0,0,0,-1,0,1,13,0,1
842,Dylan Gambrell\gambrdy01,22,C,8,0,0,0,1,2,6,69,1,13
843,Cameron Gaunce\gauncca01,28,D,2,0,0,0,3,7,2,31,1,4
844,Timothy Gettinger\gettiti01,20,LW,4,0,0,0,0,0,2,30,3,15
845,Brandon Gignac\gignabr01,21,C,1,0,0,0,-2,0,1,9,1,0
846,Dennis Gilbert\gilbede01,22,D,1,0,0,0,0,2,0,13,1,6
847,John Gilmour\gilmojo01,25,D,5,0,0,0,-3,4,9,80,13,3
848,Stephen Gionta\giontst01,35,C,5,0,0,0,-4,0,4,44,2,14
849,Cody Goloubef\golouco01,29,D,5,0,0,0,0,2,3,54,5,13
850,Tyrell Goulbourne\goulbty01,25,LW,2,0,0,0,0,0,3,15,0,6
851,Anthony Greco\grecoan01,25,RW,1,0,0,0,-3,0,2,10,0,0
852,Eric Gryba\grybaer01,30,D,10,0,0,0,-1,10,11,153,16,21
853,Joel Hanley\hanlejo01,27,D,16,0,0,0,0,2,9,219,16,16
854,Joe Hicketts\hickejo01,22,D,11,0,0,0,-9,0,16,204,27,17
855,Joshua Jacobs\jacobjo01,22,D,1,0,0,0,-1,0,1,15,1,2
856,Jakub Jerabek\jerabja01,27,D,1,0,0,0,-3,2,1,8,1,0
857,Brady Keeper\keepebr01,22,D,1,0,0,0,1,0,1,13,1,2
858,Justin Kloos\kloosju01,25,C,1,0,0,0,0,0,2,7,0,2
859,Ryan Kuffner\kuffnry01,22,LW,10,0,0,0,-4,0,8,109,5,4
860,Janne Kuokkanen\kuokkja01,20,C,7,0,0,0,-2,4,6,76,3,0
861,Nick Lappin\lappini01,26,RW,11,0,0,0,-6,0,11,151,3,16
862,Curtis Lazar\lazarcu01,23,C,1,0,0,0,-1,0,0,5,1,0
863,Mark Letestu\letesma01,33,C,2,0,0,0,-1,0,1,19,0,3
864,Ryan Lindgren\lindgry01,20,D,5,0,0,0,-6,8,8,73,9,11
865,Anton Lindholm\lindhan01,24,D,2,0,0,0,-1,0,0,14,1,1
866,Blake Lizotte\lizotbl01,21,C,1,0,0,0,-1,0,1,11,1,0
867,Ryan Lomberg\lombery01,24,LW,4,0,0,0,0,17,1,28,0,12
868,Derek MacKenzie\mackede01,37,C,1,0,0,0,0,0,0,3,0,0
869,Brad Malone\malonbr01,29,C,16,0,0,0,0,4,13,143,5,35
870,Maxim Mamin\maminma01,24,C,7,0,0,0,-2,5,8,51,1,10
871,Cooper Marody\marodco01,22,C,6,0,0,0,-1,0,6,41,0,0
872,Dylan McIlrath\mcilrdy01,26,D,7,0,0,0,2,4,6,106,7,19
873,Dakota Mermis\mermida01,25,D,1,0,0,0,1,0,0,11,0,0
874,Marc Methot\methoma01,33,D,9,0,0,0,-3,6,3,152,10,15
875,Samuel Morin\morinsa01,23,D,5,0,0,0,-3,4,5,62,7,9
876,Jacob Nilsson\nilssja01,25,C,2,0,0,0,-2,0,0,16,1,1
877,Nelson Nogier\nogiene01,22,D,1,0,0,0,0,0,1,10,1,0
878,Logan O'Connor\oconnlo01,22,RW,5,0,0,0,-2,0,1,34,1,4
879,Danny O'Regan\oregada01,25,C,1,0,0,0,0,0,2,12,0,0
880,Anthony Peluso\pelusan01,29,RW,4,0,0,0,-1,7,1,16,0,4
881,Rem Pitlick\pitlire01,21,C,1,0,0,0,0,2,0,10,0,0
882,Nate Prosser\prossna01,32,D,15,0,0,0,1,2,10,153,13,17
883,Brogan Rafferty\raffebr01,23,D,2,0,0,0,-1,0,3,27,2,0
884,Sheldon Rempal\rempash01,23,RW,7,0,0,0,-1,0,3,61,1,0
885,Anthony Richard\richaan01,22,C,1,0,0,0,-1,0,0,7,1,0
886,Eric Robinson\robiner01,23,LW,13,0,0,0,-4,0,18,154,1,24
887,Jack Rodewald\rodewja01,24,RW,6,0,0,0,0,0,2,42,3,8
888,Kevin Roy\royke01,25,C,3,0,0,0,-1,0,2,39,2,0
889,Nicolas Roy\royni01,21,C,6,0,0,0,0,2,1,42,1,7
890,Patrick Russell\russepa01,26,RW,6,0,0,0,0,2,6,53,2,9
891,Kerby Rychel\rycheke01,24,LW,2,0,0,0,-1,0,1,18,1,3
892,Kole Sherwood\sherwko01,22,RW,2,0,0,0,0,0,2,18,1,10
893,Nikita Soshnikov\soshnni01,25,RW,5,0,0,0,-1,0,1,36,2,5
894,Lee Stempniak\stemple01,35,RW,2,0,0,0,-1,0,0,16,0,2
895,Kevin Stenlund\stenlke01,22,C,4,0,0,0,0,4,3,44,1,3
896,Riley Stillman\stillri01,20,D,1,0,0,0,0,2,1,11,0,5
897,Nico Sturm\sturmni01,23,C,2,0,0,0,0,0,7,26,2,3
898,Libor Sulak\sulakli01,24,D,6,0,0,0,-4,6,7,116,5,18
899,Andrej Sustr\sustran01,28,D,5,0,0,0,0,6,6,60,7,3
900,Matt Tennyson\tennyma01,28,D,4,0,0,0,-4,0,4,43,2,10
901,Josh Teves\tevesjo01,23,D,1,0,0,0,-1,2,0,14,1,4
902,Chris Thorburn\thorbch01,35,RW,1,0,0,0,0,0,0,2,0,1
903,Dominic Turgeon\turgedo01,22,C,4,0,0,0,-3,0,2,50,3,3
904,Urho Vaakanainen\vaakaur01,20,D,2,0,0,0,-1,0,2,18,0,0
905,Colton White\whiteco03,21,D,3,0,0,0,-2,2,1,43,2,2
906,Jakub Zboril\zborija01,21,D,2,0,0,0,0,0,1,22,0,3
